id,name,botanical_name,category,category_name,price_kes,rating,review_count,tag,herbs,target_symptoms_illnesses,rituals,description,benefits,ingredients,ritual_guide,in_stock,image
moringa-powder-organic,Pure Wildcrafted Moringa Leaf Powder,Moringa oleifera,daily-nutrition,Daily Herbal Nutrition,1450,4.9,148,High-Priority Launch,moringa; moringa oleifera; drumstick tree; green superfood; iron; chlorophyll,fatigue; low energy; anemia; weak immunity; malnutrition; inflammation; joint stiffness; cellular vitality,morning vitality tonic; smoothie ritual; daily grounding rite; breakfast elixir,"Sun-cured and stone-milled from ethical wild Kenyan moringa groves. Packed with 92 nutrients, 46 antioxidants, and essential plant proteins to revitalize your cellular prana.","Natural sustained energy without caffeine crashes; Rich in plant-based iron, magnesium, and bioavailable calcium; Potent natural antioxidant supporting liver and cellular detoxification; Promotes radiant skin tone and healthy keratin synthesis",100% Certified Organic Sun-Dried Moringa Oleifera Leaf Powder,"Whisk 1 level teaspoon into warm water with raw honey and lemon at dawn, or blend into morning smoothies to anchor your mind and awaken your cells.",Yes,assets/images/moringa-baobab.jpg
baobab-fruit-powder,Sacred Baobab Fruit Superfood Powder,Adansonia digitata,daily-nutrition,Daily Herbal Nutrition,1600,4.8,92,Bestseller,baobab; adansonia digitata; tree of life; vitamin c; prebiotic fibre,sluggish digestion; constipation; dull skin; weak immune system; gut microbiome imbalance; inflammation,digestive awakening; post-workout hydration; sun drink ritual,Harvested directly from ancient wild African Baobab trees ('The Tree of Life'). Naturally dehydrates on the branch into a tangy citrus prebiotic powder containing 6x more Vitamin C than oranges.,"50% soluble and prebiotic dietary fibre to feed healthy gut bacteria; Elevated Vitamin C for collagen formation and luminous skin glow; Essential electrolytes (potassium, calcium, magnesium) for optimal cellular hydration; Low glycemic prebiotic supporting balanced blood sugar",100% Raw Wild-Harvested Kenyan Baobab Fruit Pulp Powder,"Stir 1 tablespoon into cold spring water, coconut water, or yogurt bowls. Sip slowly while visualizing root grounding.",Yes,assets/images/moringa-baobab.jpg
hibiscus-ruby-infusion,Wild Kenyan Ruby Hibiscus & Lemongrass Tea,Hibiscus sabdariffa & Cymbopogon citratus,daily-nutrition,Daily Herbal Nutrition,1250,4.9,114,Bestseller,hibiscus; lemongrass; cymbopogon; anthocyanins; karkadeh,high blood pressure; water retention; bloating; sluggish lymphatic system; oxidative stress; heart wellness,cooling afternoon tea ritual; sacred heart opening; hydrating sun tea,"Hand-picked tart ruby red hibiscus blossoms harmonized with vibrant fragrant Kenyan lemongrass stalks. A thirst-quenching, antioxidant-rich ceremonial tea that supports heart rhythm and graceful cooling.",Naturally supports healthy systolic and diastolic blood pressure balance; Gentle natural diuretic action relieving water weight and puffiness; Deep ruby anthocyanins that protect capillaries and cellular membranes; Naturally caffeine-free refreshing wellness beverage,Organic Dried Hibiscus Calyces; Ethically Wildcrafted East African Lemongrass Stalks,"Steep 1 heaped tablespoon in boiling water for 6-8 minutes. Strain, add raw honey and a slice of lime. Can also be steeped cold overnight in moonlight.",Yes,assets/images/hibiscus-tea.jpg
ginger-lemon-wellness-blend,Golden Ginger-Lemon Functional Wellness Tea,Zingiber officinale & Citrus limonum,daily-nutrition,Daily Herbal Nutrition,1300,4.7,78,Apothecary Pick,ginger; lemon peel; turmeric; zingiber; curcuma,cold; flu; sore throat; nausea; sluggish metabolism; poor circulation; morning chills,morning fire ignition; metabolic awaken rite; throat soothing steam,Sun-dried fiery ginger root intertwined with citrus lemon peel and raw turmeric slices. Activates digestive agni (internal metabolic fire) and dispels throat dampness.,Stimulates gastric motility and quickly quells stomach nausea; Warms extremities and boosts blood circulation throughout the body; Potent gingerols and shogaols alleviate respiratory congestion,Sun-Dried Kenyan Ginger Root; Dehydrated Lemon Peel; Golden Turmeric Rhizome,Simmer in boiling water for 10 minutes. Inhale the aromatic lemon-ginger steam to open nasal passages before drinking.,Yes,assets/images/hibiscus-tea.jpg
bedtime-dream-tea,Astral Bedtime & Deep Sleep Botanical Infusion,"Matricaria chamomilla, Valeriana & Passiflora",mind-sleep,"Mind, Stress & Sleep Wellness",1650,5,204,High-Priority Launch,chamomile; valerian root; passionflower; lavender; blue lotus; lemon balm,insomnia; racing thoughts; sleep anxiety; restlessness; nervous tension; night terrors; chronic fatigue,bedtime wind-down ritual; nighttime digital detox; moonlight meditation; dream recall practice,"An ethereal sedative tisane formulated with whole German chamomile flowers, potent valerian root, passionflower vine, and calming French lavender. Calms the central nervous system into delta-wave slumber.","Significantly reduces sleep latency (time to fall asleep) naturally; Promotes prolonged, restorative REM and deep sleep cycles; GABA-receptor modulating botanicals silence rumination and mental chatter; Wake up fully refreshed without grogginess or dependency",Egyptian Chamomile Flowers; Wild Valerian Root; Passionflower Herb; French Lavender Buds; Spearmint Leaves,Steep 1 tablespoon in freshly boiled spring water for 10 minutes covered. Sip in dim candlelight 45 minutes before sleep with your phone placed away.,Yes,assets/images/calming-bedtime.jpg
lavender-stress-relief-rollon,Serenity Stress-Relief Aromatherapy Roll-On,Lavandula angustifolia & Boswellia carterii,mind-sleep,"Mind, Stress & Sleep Wellness",1200,4.8,88,Bestseller,lavender; frankincense; bergamot; jojoba oil,panic attack; acute anxiety; tension headaches; stress tightness; sensory overload; work fatigue,midday calm reset; temple massage ritual; pre-meditation anointing,Pure steam-distilled French lavender essential oil and sacred frankincense infused into golden organic jojoba oil. Designed for immediate nervous system grounding on the go.,"Inhalation of linalool rapidly soothes the amygdala stress response; Frankincense helps deepen shallow, anxious breathing patterns; Non-greasy, travel-friendly roller for pulse point application",Pure Lavandula Angustifolia Essential Oil; Wild Somalian Frankincense Oil; Organic Golden Jojoba Carrier Oil,"Glide over wrists, temples, and neck nape. Cup your palms over your nose and take four deep 4-7-8 grounding breaths.",Yes,assets/images/calming-bedtime.jpg
sacred-relaxation-bath-soak,Lunar Herbal Mineral Relaxation Bath Soak,Salvia sclarea & Lavandula,mind-sleep,"Mind, Stress & Sleep Wellness",1850,4.9,65,Sacred Craft,lavender; chamomile; epsom salt; himalayan salt; clary sage,body tension; muscle knots; emotional burnout; mental fatigue; restless legs,full moon cleansing bath; evening restoration bath; energy cord cutting ritual,"Dead Sea magnesium flakes, pink Himalayan mineral salt, organic lavender blossoms, and clary sage. Melts away the heavy electromagnetic and emotional residue of the day.",Transdermal magnesium replenishes depleted mineral stores; Relieves stiff spinal and shoulder knots from sitting and stress; Prepares muscles and psyche for profound uninterrupted sleep,Dead Sea Magnesium Flakes; Pink Himalayan Crystal Salt; Dried Organic Lavender Flowers; Clary Sage Essential Oil,"Dissolve 1/2 cup into a warm running bath. Light a candle, immerse for 25 minutes, and visualize all tension dissolving into the water.",Yes,assets/images/ritual-ceremony.jpg
warming-muscle-recovery-balm,Botanist's Herbal Warming Muscle Balm,"Zingiber, Capsicum & Eucalyptus globulus",energy-muscle,"Energy, Fitness & Muscle",1550,4.9,132,High-Priority Launch,ginger; cayenne pepper; clove; eucalyptus; arnica montana; beeswax,muscle soreness; joint pain; stiff neck; lower back ache; arthritis discomfort; post-workout tightness; cramping,post-gym massage; morning stiffness relief; pre-stretch warming rub,"A potent thermal botanical salve combining organic Kenyan ginger, warming cayenne resin, arnica montana extract, and clove bud oil in unrefined yellow beeswax.","Generates deep penetrating, comforting warmth to relax tight myofascial tissue; Increases localized microcirculation to flush lactic acid from sore muscles; Arnica montana relieves bruising, strains, and joint aches naturally; Pleasant herbal aroma without harsh synthetic camphor smell",Unrefined Organic Beeswax; Arnica Montana Infused Sunflower Oil; Cayenne Extract; Kenyan Ginger Essential Oil; Clove Bud Oil; Eucalyptus Globulus Leaf Oil,"Scoop a nickel-sized amount with fingertips. Warm between palms and knead firmly into achy shoulders, lower back, or calves in circular motions.",Yes,assets/images/muscle-balm.jpg
sports-post-exercise-massage-oil,Athletic Recovery Botanical Massage Oil,Arnica montana & Mentha piperita,energy-muscle,"Energy, Fitness & Muscle",1750,4.8,64,Apothecary Pick,arnica; peppermint; rosemary; black pepper; sweet almond oil,delayed onset muscle soreness (DOMS); poor circulation; leg heaviness; athletic fatigue; sprains,post-run recovery ritual; partner sports massage; deep tissue release,"Lightweight, rapid-absorbing botanical massage oil infused with wild arnica, cooling peppermint, and circulatory black pepper to revitalize exhausted limbs after physical exertion.",Relieves the burning sensation and heaviness of fatigued muscles; Enhances lymphatic fluid return and speeds workout recovery; Silky glide perfect for deep tissue sports massage therapy,Sweet Almond Carrier Oil; Arnica Montana Herb Extract; Mentha Piperita Oil; Rosmarinus Officinalis Leaf Oil; Black Pepper Essential Oil,Apply liberally to damp skin after hot shower or bath. Stroke firmly upwards toward the heart to aid lymphatic venous return.,Yes,assets/images/muscle-balm.jpg
natural-energy-vitality-powder,Wild Adaptogen Plant Energy Powder,"Moringa, Baobab & Maca",energy-muscle,"Energy, Fitness & Muscle",1900,4.9,77,High-Priority Launch,moringa; baobab; maca root; spirulina; cacao,chronic fatigue; brain fog; sluggish morning; athletic burnout; low stamina,pre-workout botanical charge; morning sun ignition; creative focus booster,"A synergistic blend of wild Kenyan moringa, high-potency baobab, raw Peruvian maca root, and ceremonial criollo cacao to ignite clean, jitter-free vitality and athletic endurance.","Provides sustained cellular stamina without heart palpitations or adrenal exhaustion; Adaptogenic botanicals help physical body resist physical and mental stress; High natural bioavailable iron, potassium, and plant polyphenols",Organic Moringa Leaf Powder; Wild Baobab Fruit Powder; Gelatinized Maca Root; Raw Organic Cacao Powder,Blend 1 rounded scoop with almond milk or fresh coconut water 30 minutes before training or deep work sessions.,Yes,assets/images/moringa-baobab.jpg
digestive-tea-blend,Botanical Gut Harmony & Anti-Bloat Tea Blend,"Foeniculum vulgare, Mentha & Zingiber",gut-digestive,Gut & Digestive Wellness,1400,4.9,162,High-Priority Launch,fennel; peppermint; ginger; coriander seed; licorice root,bloating; acid reflux; gas; sluggish digestion; stomach cramps; gut inflammation; ibs discomfort,post-meal digestive rite; tummy soothing ritual; evening gut calm,"A time-tested herbalist formulation of crushed sweet fennel seeds, crisp Egyptian peppermint, warming ginger, and licorice root. Alleviates post-meal abdominal distension and soothes the intestinal lining.",Relaxes intestinal smooth muscle to expel trapped gas and reduce bloating; Supports healthy gastric acid secretion and digestive enzyme activity; Licorice root coats and calms irritated mucous membranes from reflux; Delightfully refreshing sweet herbal taste with no artificial sweeteners,Organic Sweet Fennel Seeds; Crisp Peppermint Leaves; Crushed Ginger Rhizome; Coriander Seeds; DGL Licorice Root,"Steep 1 tablespoon in boiling water for 7 minutes immediately following heavy meals. Sip slowly while resting in an upright, relaxed posture.",Yes,assets/images/hibiscus-tea.jpg
peppermint-digestive-comfort,Pure Egyptian Peppermint Comfort Tisane,Mentha x piperita,gut-digestive,Gut & Digestive Wellness,1150,4.8,84,Apothecary Pick,peppermint; mentha piperita; menthol,indigestion; nausea; stomach spasms; headache; halitosis; sluggish gut,cooling afternoon tonic; mental clarity tea break; stomach comfort sip,Whole dried peppermint leaves bursting with pure natural menthol essential oil. Offers immediate gastrointestinal antispasmodic comfort and crisp respiratory invigoration.,Natural antispasmodic effect on digestive tract muscles; Cooling sensation soothes irritable bowel sensations and nausea; Cleanses palate and freshens breath naturally,100% Pure Organic Dried Peppermint Leaf Cut,Steep for 5 minutes in freshly boiled water. Inhale the crisp vapor deeply before each soothing sip.,Yes,assets/images/hibiscus-tea.jpg
shea-butter-cream-calendula,East African Whipped Shea & Calendula Cream,Vitellaria nilotica & Calendula officinalis,skin-body,Skin & Body Confidence,1650,5,220,High-Priority Launch,shea butter; calendula; chamomile; jojoba oil; vitamin e,dry cracked skin; eczema; stretch marks; skin irritation; rough elbows; sunburn; scars,body love anointing; evening skin nourishment; post-bath moisture seal,Rare East African Nilotica shea butter cold-whipped into a velvety cloud with organic calendula flower extract and soothing German chamomile. Rich in oleic acids for deep cellular skin nourishment.,"Melts effortlessly at body temperature without waxy or gritty residue; Intensely hydrates severely dry skin, cracked heels, and peeling cuticles; Calendula speeds cellular regeneration and calms inflammatory eczema flareups; Improves skin elasticity to diminish the appearance of new stretch marks",Raw Nilotica East African Shea Butter; Calendula Officinalis Flower Infused Oil; Organic Golden Jojoba Oil; Chamomile Essential Extract; Tocopherol (Natural Vitamin E),"Warm a dime-sized dollop between hands. Massage gently into damp skin after showering, speaking words of gratitude and reverence over your body.",Yes,assets/images/shea-cream.jpg
aloe-vera-soothing-gel,Pure Wildcrafted Aloe Vera Hydrating Gel,Aloe barbadensis miller,skin-body,Skin & Body Confidence,1350,4.8,96,Bestseller,aloe vera; aloe barbadensis; tea tree; witch hazel,sunburn; acne breakouts; skin inflammation; razor bumps; minor burns; oily congested skin,morning face hydration; post-shave cooling soothing; sun relief compress,"Cold-pressed inner fillet aloe vera gel harvested from dry-climate Kenyan aloe farms. Quenches thirsty skin cells, alleviates heat inflammation, and soothes razor irritation without stickiness.","Instant cooling relief for sunburn, heat rash, and shaving irritation; Lightweight non-comedogenic hydration suitable for acne-prone skin; Accelerates natural tissue repair with acemannan polysaccharides",99% Pure Organic Aloe Barbadensis Leaf Juice; Plant Cellulose Thickener; Natural Potassium Sorbate (Food Grade Preservation),Smooth a thin layer over cleansed skin or sunburned areas. Keep refrigerated for an ultra-refreshing cryogenic skin ritual.,Yes,assets/images/shea-cream.jpg
scar-appearance-botanical-oil,Regenerative Rosehip & Frankincense Scar Oil,Rosa canina & Boswellia serrata,skin-body,Skin & Body Confidence,1800,4.9,71,Apothecary Pick,rosehip seed; frankincense; helichrysum; vitamin e; sea buckthorn,surgical scars; acne scars; hyperpigmentation; stretch marks; uneven skin tone; fine lines,sacred face and scar massage; nightly skin rebirth ritual; gentle scar healing therapy,Unrefined cold-pressed virgin rosehip seed oil infused with sacred Somali frankincense and everlasting helichrysum blossoms. Rich in trans-retinoic acid to fade stubborn dark spots and soften scar tissue.,"Encourages healthy collagen alignment to soften raised fibrous scar tissue; Fades hyperpigmentation and post-inflammatory acne marks; Restores supple, even-toned radiance to traumatized skin",Cold-Pressed Virgin Rosa Canina Seed Oil; Wildcrafted Frankincense Resin Oil; Helichrysum Italicum Flower Oil; Sea Buckthorn Fruit Berry Extract,Dispense 3-4 drops onto clean fingers. Press into scars or areas of pigmentation twice daily with mindful intention of healing.,Yes,assets/images/rosemary-oil.jpg
rosemary-scalp-hair-oil,Artisanal Rosemary & Castor Scalp Growth Elixir,Rosmarinus officinalis & Ricinus communis,hair-grooming,Hair & Grooming,1700,5,310,High-Priority Launch,rosemary; black castor oil; jojoba; peppermint; fenugreek; biotin,hair thinning; scalp itchiness; dandruff; slow hair growth; receding hairline; dry brittle hair,weekly scalp oiling ritual; growth stimulation massage; derma-roller scalp therapy,"Clinical-grade organic rosemary essential oil blended into dark cold-pressed black castor oil, golden jojoba, and fenugreek seeds. Stimulates microcapillary blood flow directly to hair follicles.","Shown in herbalist studies to rival conventional minoxidil for hair thickness; Reduces DHT accumulation on the scalp and slows follicle miniaturization; Anti-fungal rosemary clears flaking dandruff and calms irritated scalp skin; Strengthens hair shafts from root to tip, preventing premature breakage",Pure Cineole-Rich Rosemary Essential Oil; Black Castor Seed Oil; Golden Jojoba Oil; Fenugreek Seed Extract; Peppermint Oil; Vitamin E,Part hair into sections. Apply 2-3 dropperfuls directly to the scalp. Massage deeply with fingertips for 5 minutes using circular motions. Leave for 1-3 hours or overnight before washing.,Yes,assets/images/rosemary-oil.jpg
botanical-beard-conditioning-oil,Cedarwood & Baobab Nourishing Beard Oil,Cedrus atlantica & Adansonia digitata,hair-grooming,Hair & Grooming,1450,4.8,82,Bestseller,baobab oil; cedarwood; jojoba; argan oil; clove,beard itch; beard dandruff (beardruff); patchy coarse beard; dry facial hair; ingrown hairs,morning gentleman grooming; beard comb ritual; facial hair conditioning,"A masculine grounding elixir crafted with ultra-absorbent wild baobab seed oil, Moroccan argan oil, and aromatic Atlas cedarwood. Tames coarse facial hair and hydrates the underlying skin.","Softens stubborn bristly whiskers without leaving an oily grease trail; Stops underneath beard itching and eliminates flaking dry skin; Subtle woody, spicy forest aroma that lasts throughout the day",Virgin Kenyan Baobab Seed Oil; Organic Moroccan Argan Oil; Cold-Pressed Jojoba Oil; Atlas Cedarwood Oil; Clove Leaf Essential Oil,Rub 4-6 drops into palms and distribute thoroughly through damp beard down to the skin roots. Comb through with a wooden beard comb.,Yes,assets/images/men-vitality.jpg
mens-vitality-botanical-tea,Lion's Root Men's Vitality & Stamina Tea,Mondia whitei & Panax ginseng,mens-wellness,Men's Wellness & Intimate Confidence,1650,4.9,140,High-Priority Launch,mondia whitei (mukombero); ginseng; ashwagandha; tribulus; horny goat weed; ginger,low libido; chronic fatigue; low testosterone support; performance anxiety; physical stamina dip; erectile vitality support,morning masculine vigor tea; pre-intimacy tonic; workout endurance brew,"Centuries-old African aphrodisiac Mondia Whitei (Mukombero root) synergized with Korean red ginseng and adaptogenic ashwagandha. Supports male hormonal health, physical vigor, and vitality.","Traditional East African root revered for enhancing male stamina and desire; Supports healthy nitric oxide production and cardiovascular blood flow; Adaptogens nourish adrenal glands to diminish stress-induced performance fatigue; Earthy, sweet vanilla-like aroma natural to pure Mukombero root",Ethically Harvested Kenyan Mondia Whitei Root; Panax Red Ginseng; Organic Ashwagandha Root; Tribulus Terrestris; Wild Ginger Slices,Boil 1 generous tablespoon in water for 10-15 minutes. Drink warm in the early morning or 1 hour before intimacy to center masculine power.,Yes,assets/images/men-vitality.jpg
couples-botanical-massage-oil,Sacred Intimacy & Couples Warming Massage Oil,"Amyris balsamifera, Elettaria & Piper nigrum",mens-wellness,Men's Wellness & Intimate Confidence,1950,5,95,Sacred Craft,amyris; cardamom; black pepper; ylang ylang; sweet almond oil; vitamin e,intimacy disconnection; stress tension between partners; low sensual awareness; body insecurity,sacred couples massage ritual; tantric touch ceremony; anniversary reconnection rite,"An intoxicating sensory external massage oil featuring aphrodisiac West Indian sandalwood (amyris), warming green cardamom, erotic ylang-ylang, and golden sweet almond oil.","Subtle botanical thermal effect stimulates cutaneous nerve endings and intimacy; Creates an exotic, warm sensual sanctuary of aroma and physical presence; Leaves skin extraordinarily soft, conditioned, and touchable",Cold-Pressed Sweet Almond Oil; Virgin Coconut Oil; Amyris Wood Oil; Green Cardamom Seed Oil; Madagascar Ylang Ylang Extra; Black Pepper Fruit Oil,"Warm the amber bottle in a bowl of warm water. Dim the lights, take synchronous deep breaths together, and massage slowly into shoulders, back, and limbs.",Yes,assets/images/men-vitality.jpg
womens-hormonal-wellness-tea,Goddess Cycle Hormonal Balance & Moon Tea,"Rubus idaeus, Vitex & Alchemilla",womens-wellness,Women's Wellness & Intimate Care,1600,4.9,188,High-Priority Launch,red raspberry leaf; chaste tree berry (vitex); lady's mantle; nettle leaf; rose petals,menstrual cramps; pcos support; irregular cycle; pms mood swings; heavy bleeding; hormonal acne; fertility preparation,moon cycle tea ritual; womb warming meditation; sacred feminine self-care,"Uterine tonic red raspberry leaf blended with chasteberry (vitex), organic stinging nettle, and fragrant Damascus rose petals. Restores rhythmic harmony to female endocrine and reproductive cycles.","Red raspberry leaf tones pelvic and uterine muscles, reducing severe cramping; Vitex promotes healthy progesterone-to-estrogen balance across the cycle; Nettle restores bioavailable iron lost during monthly menstruation; Calms premenstrual irritability, water retention, and breast tenderness",Organic Red Raspberry Leaves; Chaste Tree Berries (Vitex Agnus-Castus); Wild Lady's Mantle; Stinging Nettle Leaf; Damask Rose Buds,"Steep 1 tablespoon covered for 10-15 minutes. Drink 1-2 cups daily, especially in the luteal and menstrual phases of your monthly cycle.",Yes,assets/images/hibiscus-tea.jpg
external-intimate-moisturizer,Botanical Comfort External Intimate Moisturizer,"Cocos nucifera, Aloe & Calendula",womens-wellness,Women's Wellness & Intimate Care,1750,4.8,104,High-Priority Launch,calendula; organic coconut oil; shea butter; aloe vera; jojoba,external vulvar dryness; post-intimacy chafing; hormonal dryness; postpartum discomfort; cycling irritation,daily intimate comfort care; post-bath vulvar care; gentle body grounding,"Gynecologically formulated 100% natural external comfort balm. Hypoallergenic, free from fragrances, glycerin, or synthetic preservatives to soothe delicate external intimate skin.","Restores protective lipid barrier to prevent uncomfortable chafing and friction; Soothes external tissue following child birth, menopause, or vigorous activity; pH-respecting, plant-based and gentle enough for sensitive skin",Fractionated Organic Coconut Oil; Raw Nilotica Shea Butter; Cold-Pressed Jojoba Oil; CO2 Calendula Extract,"With clean hands, warm a small amount between fingers and apply externally to the vulvar tissue as needed for comfort.",Yes,assets/images/shea-cream.jpg
sacred-smudge-wand-altar-kit,Sacred Herbal Smudge Wand & Crystal Altar Kit,Salvia apiana & Artemisia afra,sacred-rituals,Sacred Rituals & Holistic Kits,2450,5,119,Sacred Craft,white sage; african wormwood (artemisia afra / umhlonyane); cedar; lavender; quartz crystal,heavy negative energy; stagnant home vibes; spiritual heaviness; unsettled sleep space; mental fog,home space cleansing ceremony; aura smudging rite; altar consecration; new moon intention setting,"Ethically wildcrafted African wormwood (Umhlonyane) bundled with mountain white sage, sweetgrass, aromatic cedar, a natural raw selenite wand, and an unrefined beeswax candle.","Traditional smoke medicine scientifically shown to clear airborne microbes and stagnant energy; Purifies living spaces before meditation, creative projects, or sleep; Connects the practitioner to ancient ancestral plant blessings and grounded focus","Hand-Tied Herbal Smudge Wand (Sage, Umhlonyane, Cedar, Lavender); Raw Moroccan Selenite Crystal; 100% Pure Rolled Beeswax Candle; Ceremonial Match Striker",Light the tip of the herbal wand until embers glow. Gently wave the fragrant smoke in clockwise motions around room doorways and corners while reciting your blessings.,Yes,assets/images/ritual-ceremony.jpg
solstice-grounding-anointing-oil,Astral Solstice Botanical Anointing Oil,Commiphora myrrha & Boswellia carterii,sacred-rituals,Sacred Rituals & Holistic Kits,2100,4.9,76,Sacred Craft,frankincense; myrrh; sandalwood; black tourmaline infused; golden jojoba,spiritual disconnection; overthinking; lack of grounding; weak aura; creative blocks,third eye anointing; crystal charging ritual; prayer and meditation rite,"Sun-infused during the solar zenith with holy Somalian frankincense tears, bitter red myrrh, and East African sandalwood, charged over raw black tourmaline crystals for deep energetic protection.","Deepens prayer, meditation, and intuitive dream recall; Clears discordant emotional energy and protects the psychic perimeter; Sublime ancient resin fragrance of ancient temples and sacred groves",Organic Golden Jojoba Carrier Oil; Pure Resin-Distilled Frankincense Oil; Red Myrrh Oleoresin; East African Sandalwood Extract; Charged with Black Tourmaline,"Anoint 1 drop on the third eye between brows, palms, and soles of feet before prayer, meditation, or entering crowded environments.",Yes,assets/images/ritual-ceremony.jpg
turmeric-ginger-golden-blend,Sun-Cured Golden Turmeric & Ginger Powder Blend,Curcuma longa & Zingiber officinale,daily-nutrition,Daily Herbal Nutrition,1500,4.9,94,High-Priority Launch,turmeric; ginger; curcumin; black pepper; piperine; ceylon cinnamon,joint stiffness; inflammation; sluggish digestion; sore throat; immune support; cellular aging; muscle aches,golden milk evening ritual; anti-inflammatory elixir; morning warm tonic,"Ethically farmed high-altitude Kenyan turmeric with 5.5% active curcumin, married with spicy dried ginger root and a pinch of black pepper piperine to maximize cellular bioavailability by 2000%.",Potent systemic antioxidant quenching inflammatory pathways in joints and tissues; Stimulates bile flow and gastric vitality for enhanced nutrient assimilation; Promotes golden cellular vitality and supports cardiovascular resilience; Warming Ayurvedic & traditional African wellness ingredient,100% Certified Organic Turmeric Rhizome Powder; Sun-Dried Kenyan Ginger Powder; Organic Ceylon Cinnamon; Tellicherry Black Pepper,Simmer 1 level teaspoon in warm coconut or oat milk with raw acacia honey for 5 minutes. Sip mindfully before bed to soothe aching joints.,Yes,assets/images/moringa-baobab.jpg
sun-dried-ginger-powder,Wild Mountain Sun-Dried Ginger Powder,Zingiber officinale,daily-nutrition,Daily Herbal Nutrition,1200,4.8,62,Apothecary Essential,ginger; zingiber; gingerol; shogaol,nausea; digestive stagnation; motion sickness; cold hands and feet; menstrual discomfort; sluggish metabolism,digestive warm water tonic; culinary grounding; morning circulation activator,"Stone-ground from wild mountain-grown Kenyan ginger rhizomes. Deeply pungent, warming, and packed with active gingerols to ignite systemic circulation and soothe gastric distress.",Rapidly alleviates travel nausea and post-meal stomach heaviness; Warms cold extremities by stimulating peripheral micro-circulation; A versatile medicinal and culinary spice free from additives or sulfur,100% Pure Kenyan Sun-Dried Ginger Rhizome Powder,"Stir 1/2 teaspoon into hot water with fresh lemon juice upon waking, or incorporate into sacred soups and curries.",Yes,assets/images/moringa-baobab.jpg
golden-curcumin-turmeric-powder,Organic Single-Origin Turmeric Rhizome Powder,Curcuma longa,daily-nutrition,Daily Herbal Nutrition,1250,4.8,58,Bestseller,turmeric; curcuma longa; curcuminoids; antioxidants,joint soreness; liver sluggishness; dull skin tone; oxidative stress; gut inflammation,golden latte ceremony; radiance beauty mask; daily vitality sprinkle,Single-origin vibrant golden-orange turmeric grown in nutrient-dense volcanic Kenyan soils. Stone-milled slowly at low temperatures to protect delicate aromatic essential oils.,High natural curcuminoid concentration supporting healthy joint flexibility; Assists natural liver phase-2 enzymatic detox pathways; May be used both as an internal healing tonic and topical brightening facial mask,100% Raw Organic Turmeric Root Powder,"Combine 1 teaspoon with a dash of healthy plant fats (coconut oil or ghee) in warm milk, or mix with raw yogurt for a weekly glowing face mask.",Yes,assets/images/moringa-baobab.jpg
pure-kenyan-lemongrass-tea,Pure Highland Lemongrass Refreshment Tea,Cymbopogon citratus,daily-nutrition,Daily Herbal Nutrition,1100,4.9,83,Caffeine-Free,lemongrass; cymbopogon; citral; limonene,bloating; mental fatigue; feverish heat; mild anxiety; fluid retention; head tension,afternoon cooling sip; meditation tea ceremony; digestive cleanse,"Crisp, aromatic cut lemongrass stalks sustainably harvested from highland regenerative family farms in Rift Valley. Naturally sweet with vibrant citrus notes and zero caffeine.","Gentle diuretic action flushes excess fluid and reduces puffiness; Rich in citral, a terpene that uplifts the spirits and eases nervous tension; Soothes irritable stomach sensations after meals without overstimulating",100% Hand-Selected Kenyan Dried Lemongrass Stalks,Steep 1 tablespoon in freshly boiled water for 6-8 minutes covered. Enjoy hot or iced with a crushed sprig of garden mint.,Yes,assets/images/hibiscus-tea.jpg
calming-herbal-relaxation-tea,Tranquil Mind Chamomile & Passionflower Calming Tea,Matricaria chamomilla & Passiflora incarnata,mind-sleep,"Mind, Stress & Sleep Wellness",1450,4.9,128,High-Priority Launch,chamomile; passionflower; lemon balm; spearmint; linden flower,acute stress; irritability; nervous tension; exam/work anxiety; restlessness; stomach knots,midday calm ritual; twilight pause ceremony; breathwork companion,"A calming daytime and twilight herbal infusion designed to melt away mental overwhelm, quiet an overactive sympathetic nervous system, and restore inner equilibrium without inducing heavy drowsiness.",Natural apigenin and flavonoids gently bind GABA neuroreceptors to ease panic; Dissolves stress-related physical tightness in the solar plexus and diaphragm; Safe and non-sedating for daytime use during demanding work hours,Whole Egyptian Chamomile Flowers; Wild Passionflower Vine; Organic Lemon Balm Leaves; Sweet Moroccan Mint; Linden Blossom,Steep 1 tablespoon in 90°C water for 7-10 minutes covered. Sip slowly while practicing gentle diaphragmatic breathing.,Yes,assets/images/calming-bedtime.jpg
lavender-cedar-pillow-sachet,Sacred Sleep Lavender & Atlas Cedar Pillow Sachet,Lavandula angustifolia & Cedrus atlantica,mind-sleep,"Mind, Stress & Sleep Wellness",950,4.8,47,Aromatic Wellness,french lavender; atlas cedar shavings; hops flowers; mugwort,restless tossing; nighttime racing thoughts; insomnia; bad dreams; bedroom sensory stress,bedtime sacred pillow tuck; sweet dreams ceremony; nightly aromatherapeutic grounding,"Breathable natural linen pouch packed with whole French lavender buds, fragrant Atlas cedarwood shavings, and wild hops. Tucked inside your pillowcase, its natural plant vapors lull your mind into gentle delta waves.","Passively diffuses relaxing linalool terpenes as you turn your head at night; Protects the sacred dream space and dispels stale bedroom energies; 100% natural, long-lasting aroma lasting up to 6 months (gently squeeze to refresh)",Dried Lavandula Angustifolia Buds; Atlas Cedar Wood Shavings; Dried Hops Cones; 100% Unbleached Cotton Linen Sachet,Gently squeeze the sachet between your hands to crush the botanicals and release fresh terpenes. Slip beneath your pillow or beside your headboard before sleeping.,Yes,assets/images/calming-bedtime.jpg
sacred-relaxation-room-spray,Sacred Lavender & Frankincense Relaxation Room Spray,Lavandula & Boswellia carterii,mind-sleep,"Mind, Stress & Sleep Wellness",1350,4.9,68,Ambient Fragrance,lavender; frankincense; bergamot; witch hazel; distilled spring water,hectic work space; bedroom restlessness; lingering room odors; sensory fatigue; scattered energy,bedroom sacred misting; meditation sanctuary prep; linens freshening ritual,"A botanical ambient mist blending high-altitude French lavender, sacred Somali frankincense tears, and sun-kissed Italian bergamot in pure volcanic spring water and alcohol-free witch hazel.","Instantly shifts room atmosphere into a peaceful botanical sanctuary; Soothes sensory overload and prepares living space for relaxation or sleep; Safe to mist on bed linens, curtains, yoga mats, and around your personal aura",Spring Water; Organic Witch Hazel Extract; Lavandula Angustifolia Essential Oil; Wildcrafted Frankincense Resin Oil; Bergamot FCF (Non-Phototoxic) Essential Oil,"Shake gently and spritz 3-4 pumps upward into the center of your bedroom, prayer space, or onto bedsheets 15 minutes before retiring.",Yes,assets/images/calming-bedtime.jpg
cooling-muscle-menthol-gel,Arctic Recovery Botanical Cooling Muscle Gel,"Mentha arvensis, Aloe & Eucalyptus",energy-muscle,"Energy, Fitness & Muscle",1600,4.9,89,High-Priority Launch,natural menthol; aloe vera; eucalyptus; camphor bark; witch hazel,acute muscle strains; burning inflammation; swollen ankles; heavy tired legs; post-HIIT soreness; shin splints,post-workout cool down; heavy leg revival massage; cryo-botanical compress,"An instant-acting botanical cryo-gel that delivers an icy thermal sensation to rapidly calm inflammation, extinguish burning post-exercise heat, and relieve swollen, overworked athletic joints.",Natural plant menthol crystals trigger cold-receptors (TRPM8) for instant analgesic relief; Aloe vera base delivers deep cooling moisture without sticky residue; Eucalyptus and witch hazel ease localized swelling and promote rapid tissue recovery,Organic Aloe Leaf Juice; Natural Menthol Crystals; Witch Hazel Distillate; Eucalyptus Globulus Essential Oil; Spearmint Oil; Vegetable Glycerin,"Smooth generously over sore quads, calves, or shoulders immediately following high-intensity training. Wash hands after applying.",Yes,assets/images/muscle-balm.jpg
wild-plant-protein-blend,Baobab & Moringa Plant Protein Superfood Blend,"Moringa, Adansonia & Pisum sativum",energy-muscle,"Energy, Fitness & Muscle",2200,4.8,73,High-Priority Launch,moringa; baobab; sprouted pea protein; brown rice protein; chia seed; vanilla bean,muscle recovery lag; athletic fatigue; plant-based protein deficiency; poor workout endurance; post-exercise hunger,post-training shaker ritual; morning power smoothie; daily strength building,"A complete multi-source vegan protein powder combining sprouted yellow pea, golden rice protein, wild Kenyan moringa greens, and prebiotic baobab fruit. Provides 22g of clean, bioavailable protein per serving with zero bloating.","Delivers all 9 essential amino acids plus natural BCAAs for muscle protein synthesis; Prebiotic baobab eliminates the digestive heaviness common in dairy whey proteins; Moringa replenishes depleted electrolytes, zinc, and iron post-exertion",Sprouted Pea Protein Isolate; Organic Sprouted Brown Rice Protein; Wildcrafted Kenyan Moringa Powder; Raw Baobab Fruit Powder; Organic Ground Vanilla Pods,"Shake 2 level scoops with 350ml of plant milk or water within 45 minutes of training, or blend with frozen bananas for a sacred recovery bowl.",Yes,assets/images/moringa-baobab.jpg
sweet-fennel-digestive-comfort,Sweet Crushed Fennel & Caraway Digestive Comfort Tisane,Foeniculum vulgare & Carum carvi,gut-digestive,Gut & Digestive Wellness,1200,4.8,51,Digestive Comfort,sweet fennel; caraway seed; aniseed; coriander; peppermint,bloating after dairy/beans; trapped intestinal gas; stomach cramps; heavy digestion; sour stomach,post-dinner digestive ceremony; colic comfort sip; belly soothing ritual,"A sweet, aromatic Mediterranean & African seeds formulation that relaxes smooth muscles of the digestive tract, expels trapped intestinal air, and gently encourages digestive enzyme secretion.",Volatile anethole oils act as a gentle carminative to defuse abdominal bloating; Relaxes intestinal spasms and soothes crampy feelings after rich meals; Naturally sweet aniseed flavor requires no honey or added sugars,Organic Sweet Fennel Seeds; Wild Caraway Seeds; Whole Green Aniseed; Crushed Coriander Seeds,Crush 1 tablespoon of seeds lightly with the back of a spoon to release essential oils. Steep in boiling water for 8 minutes covered.,Yes,assets/images/hibiscus-tea.jpg
prebiotic-baobab-high-fibre-blend,Prebiotic Baobab High-Fibre Gut Balance Mix,Adansonia digitata & Plantago ovata,gut-digestive,Gut & Digestive Wellness,1750,4.9,88,Bestseller,baobab fruit; psyllium husk; flaxseed; chia seed; inulin,constipation; irregular bowel movements; gut dysbiosis; cholesterol balance; sugar spikes; leaky gut,morning fiber awakening; gut motility drink; daily elimination ritual,Combines the natural soluble prebiotic pectin of ancient Kenyan baobab trees with organic golden psyllium husks and cold-milled flaxseeds. Nourishes bifidobacteria and promotes effortless daily digestive regularity.,Provides 8 grams of gentle soluble and insoluble dietary fiber per tablespoon; Forms a soothing gel that sweeps the intestinal wall without harsh cramping; Prebiotics feed short-chain fatty acid (SCFA) production for strong gut barrier health,Wild-Harvested Kenyan Baobab Fruit Powder; Organic Whole Psyllium Husk; Cold-Milled Golden Flaxseeds; Jerusalem Artichoke Inulin,Stir 1 level tablespoon vigorously into 250ml of cold water or fresh fruit juice. Drink immediately followed by a second glass of pure spring water.,Yes,assets/images/moringa-baobab.jpg
african-black-soap-artisan-bar,Raw African Black Soap & Nilotica Shea Cleansing Bar,"Theobroma cacao, Elaeis guineensis & Vitellaria",skin-body,Skin & Body Confidence,950,5,164,High-Priority Launch,plantain skin ash; cocoa pod ash; nilotica shea butter; palm kernel oil; tea tree oil,body acne; bacne; eczema patches; dark spots; congested pores; oily skin; fungal skin irritations,sacred body cleansing ritual; evening purification bath; skin clarifying lather,"Handcrafted according to ancestral West and East African recipes using roasted plantain skin ash, cocoa pod ash, and generous cold-whipped Nilotica shea butter. Purifies pores deeply without stripping skin moisture.",Natural plant ash provides gentle enzymatic exfoliation and clears breakout-causing bacteria; Rich in natural Vitamins A and E to fade blemishes and dark marks; Produces a luxurious rich therapeutic lather that leaves skin velvety soft,Roasted Plantain Skin Ash; Cocoa Pod Ash; Raw East African Nilotica Shea Butter; Virgin Coconut Oil; Wild Tea Tree Essential Oil,"Work bar into a creamy lather in hands or on a natural loofah. Wash body in circular motions, allowing lather to sit on skin for 60 seconds before rinsing.",Yes,assets/images/shea-cream.jpg
baobab-coffee-revitalizing-scrub,Kenyan Coffee & Baobab Radiance Exfoliating Body Scrub,Coffea arabica & Adansonia digitata,skin-body,Skin & Body Confidence,1550,4.9,78,Exfoliation,kenyan arabica coffee; baobab oil; shea butter; brown sugar; sweet orange,cellulite appearance; keratosis pilaris (strawberry skin); rough skin texture; ingrown hairs; dull body tone,weekly body polishing rite; shower lymphatic exfoliation; weekend glow ritual,"Freshly roasted, finely ground Kenyan Arabica highland coffee blended with unrefined brown sugar crystals, cold-pressed baobab oil, and wild sweet orange. Sloughs away dead skin cells and stimulates microcirculation.","Topical caffeine stimulates lymphatic drainage and temporarily tightens skin texture; Baobab seed oil infuses fatty acids deep into dermal layers during exfoliation; Leaves skin silky smooth, deeply moisturized, and lightly scented of mocha and citrus",Fresh Ground Kenyan Arabica Coffee Beans; Demerara Cane Sugar; Wild Baobab Seed Oil; Unrefined Nilotica Shea Butter; Sweet Orange Peel Oil,"Massage in vigorous circular motions onto damp skin in the shower, paying special attention to hips, thighs, and elbows. Rinse thoroughly with warm water.",Yes,assets/images/shea-cream.jpg
herbal-hair-conditioning-oil,Wild Botanicals Hair Conditioning & Shine Oil,"Argania spinosa, Simmondsia & Amla",hair-grooming,Hair & Grooming,1750,4.9,112,High-Priority Launch,argan oil; jojoba oil; amla fruit (indian gooseberry); marula oil; sweet almond; jasmine flower,dry frizzy hair; split ends; heat damage; bleached/dyed brittle strands; lack of shine,post-wash hair glossing; hot oil deep conditioning rite; daily strand protection,"A lightweight, silicone-free botanical hair nectar combining cold-pressed Moroccan argan, Kenyan wild marula, and ayurvedic amla fruit. Seals moisture into the hair cuticle and imparts luminous, glassy shine.",Protects hair cuticles from heat styling and harsh sun UV oxidation; Instantly tames unruly flyaways and frizz without weighing down fine curls; Restores elasticity to prevent snapping and split ends,Virgin Argan Kernel Oil; Wild Harvested Kenyan Marula Oil; Amla Fruit Infused Jojoba Oil; Sweet Almond Oil; Night-Blooming Jasmine Extract,"Warm 3-4 drops between palms. Smooth through mid-lengths to ends of damp or dry hair. For deep treatment, saturate strands, wrap with warm towel for 30 minutes, then rinse.",Yes,assets/images/rosemary-oil.jpg
rosemary-mint-clarifying-shampoo,Rosemary & Peppermint Invigorating Herbal Shampoo,Rosmarinus officinalis & Mentha piperita,hair-grooming,Hair & Grooming,1650,4.8,66,Sulfate-Free,rosemary; peppermint; aloe vera; nettle leaf; tea tree oil,product buildup; greasy scalp; dandruff flakes; follicle clogging; itchy scalp; limp hair,invigorating wash day rite; scalp detox clarifying cleanse; hair growth wash,"Sulfate-free, pH-balanced botanical shampoo infused with steam-distilled rosemary, tingly peppermint, and organic stinging nettle. Deeply cleanses excess sebum and styling buildup while energizing hair roots.",Cleanses thoroughly without stripping the scalp's natural lipid protective barrier; Rosemary and menthol invigorate follicular microcirculation for accelerated growth; Stinging nettle minerals fortify keratin structure and add bouncy natural volume,Decyl Glucoside (Plant-Based Cleanser); Organic Aloe Vera Juice; Rosemary Hydrosol; Peppermint Oil; Nettle Extract; Pro-Vitamin B5 (Panthenol),Apply to wet hair. Massage into scalp using firm circular pads of fingers for 2 minutes to stimulate blood flow. Rinse with cool water.,Yes,assets/images/rosemary-oil.jpg
mens-vitality-nutrition-blend,Mukombero & Maca Root Men's Nutrition Powder Blend,Mondia whitei & Lepidium meyenii,mens-wellness,Men's Wellness & Intimate Confidence,2100,4.9,97,High-Priority Launch,mukombero (mondia whitei); black maca root; ashwagandha; tribulus; raw cacao; pumpkin seed zinc,midday masculine fatigue; low drive; slow athletic recovery; testosterone support; mental fog under stress,morning warrior smoothie; daily vigor tonic; athletic endurance shake,"An authentic East African masculine tonic powder uniting wildcrafted Mukombero (Mondia Whitei), Peruvian black maca, adaptogenic ashwagandha, and pumpkin seed zinc to nourish male hormonal endocrine vitality.","Supplies vital micronutrients (zinc, magnesium, plant sterols) for male stamina; Traditional Mukombero root supports healthy cardiovascular endurance and vitality; Adaptogens buffer the negative impact of work stress on testosterone levels",Wildcrafted Kenyan Mondia Whitei Root Powder; Gelatinized Black Maca Root; Organic Ashwagandha Root; Cold-Pressed Pumpkin Seed Powder; Raw Criollo Cacao,"Blend 1 rounded tablespoon into morning oatmeal, black coffee, or a banana smoothie. Consume daily for cumulative botanical nourishment.",Yes,assets/images/men-vitality.jpg
gentle-botanical-external-wash,Gentle Chamomile & Rose Botanical External Wash,Matricaria chamomilla & Rosa damascena,womens-wellness,Women's Wellness & Intimate Care,1500,4.9,81,Gynecologically Tested,chamomile hydrosol; rose water; aloe vera; lactic acid (plant-based); calendula,external intimate discomfort; sweat chafing; odor concerns; sensitive skin irritation; post-workout hygiene,daily feminine shower rite; refreshing intimate cleanse; sacred body hygiene,"A mildly foaming, pH-balanced (pH 4.2) external botanical intimate wash. Formulated with soothing German chamomile hydrosol, pure Damask rose water, and organic aloe. Free from sulfates, harsh perfumes, and parabens.",Maintains the delicate acidic microbiome pH of external intimate skin; Calendula and chamomile soothe friction irritation and post-shaving sensitivity; Gentle enough for daily external use without drying delicate mucosal borders,Water; Organic Chamomile Flower Hydrosol; Rose Flower Water; Coco-Glucoside (Gentle Cleanser); Aloe Leaf Juice; Plant-Derived Lactic Acid,Lather a quarter-sized amount in hands with warm water. Gently cleanse external intimate vulvar areas only and rinse thoroughly.,Yes,assets/images/shea-cream.jpg
sacred-postpartum-comfort-kit,Sacred Motherhood Postpartum Comfort & Recovery Kit,"Calendula, Hamamelis & Rubus idaeus",womens-wellness,Women's Wellness & Intimate Care,3400,5,43,Sacred Craft,calendula; witch hazel; red raspberry leaf; shea butter; epsom salt; lavender,postpartum soreness; perineal swelling; post-birth cramping; nipple chafing; maternal exhaustion,sacred sitz bath ceremony; peri-soothing misting rite; maternal recovery tea ritual,"A compassionate, midwife-approved botanical recovery care package for the Fourth Trimester. Includes: (1) Herbal Perineal Sitz Bath Blend, (2) Soothing Witch Hazel & Calendula Mist, (3) Nipple Comfort Balm, and (4) Uterine Recovery Moon Tea.","Sitz bath herbs promote rapid soothing of perineal swelling and tenderness; Calendula mist provides instant, touch-free comfort after using the restroom; 100% natural, edible-grade nipple balm safe for nursing mothers; Raspberry leaf tea supports gentle uterine toning following childbirth","Herbal Sitz Blend (Epsom Salt, Calendula, Lavender, Comfrey); Cooling Perineal Mist (Witch Hazel, Aloe, Rosewater); Pure Lanolin-Free Shea & Calendula Nipple Balm; Postpartum Recovery Tea (Red Raspberry, Nettle, Oatstraw)",Steep sitz herbs in warm bath or peri bottle for soothing cleansing. Drink 1 cup of recovery tea daily while resting skin-to-skin with your newborn.,Yes,assets/images/shea-cream.jpg